{"cameraMode":{"drawMode":0,"name":"Shaded","section":"Shading Mode"},"sceneLighting":true,"audioPlay":false,"sceneViewState":{"showFog":true,"showMaterialUpdate":false,"showSkybox":true,"showFlares":true,"showImageEffects":true,"showParticleSystems":true,"showVisualEffectGraphs":true,"m_FxEnabled":true},"in2DMode":false,"pivot":{"x":-0.2431682050228119,"y":4.212159156799316,"z":-3.0208117961883547},"rotation":{"x":0.3381972312927246,"y":0.00141145137604326,"z":-0.0005072451313026249,"w":0.9410766363143921},"size":1.0122087001800538,"orthographic":false}