{"cameraMode":{"drawMode":0,"name":"Shaded","section":"Shading Mode"},"sceneLighting":true,"audioPlay":false,"sceneViewState":{"showFog":true,"showMaterialUpdate":false,"showSkybox":true,"showFlares":true,"showImageEffects":true,"showParticleSystems":true,"showVisualEffectGraphs":true,"m_FxEnabled":true},"in2DMode":false,"pivot":{"x":0.37162670493125918,"y":-2.817750930786133,"z":-3.2180986404418947},"rotation":{"x":0.7444174289703369,"y":-0.18598122894763947,"z":0.23149946331977845,"w":0.5980475544929504},"size":1.4150971174240113,"orthographic":false}