{"cameraMode":{"drawMode":0,"name":"Shaded","section":"Shading Mode"},"sceneLighting":true,"audioPlay":false,"sceneViewState":{"showFog":true,"showMaterialUpdate":false,"showSkybox":true,"showFlares":true,"showImageEffects":true,"showParticleSystems":true,"showVisualEffectGraphs":true,"m_FxEnabled":true},"in2DMode":false,"pivot":{"x":0.07379867881536484,"y":-0.17756277322769166,"z":1.3689998388290406},"rotation":{"x":0.3746259808540344,"y":-0.009737121872603894,"z":0.003939134534448385,"w":0.9271584749221802},"size":2.2383029460906984,"orthographic":false}