{"cameraMode":{"drawMode":0,"name":"Shaded","section":"Shading Mode"},"sceneLighting":true,"audioPlay":false,"sceneViewState":{"showFog":true,"showMaterialUpdate":false,"showSkybox":true,"showFlares":true,"showImageEffects":true,"showParticleSystems":true,"showVisualEffectGraphs":true,"m_FxEnabled":true},"in2DMode":false,"pivot":{"x":14.192754745483399,"y":-13.523619651794434,"z":8.318167686462403},"rotation":{"x":0.29276716709136965,"y":0.47113120555877688,"z":-0.16932743787765504,"w":0.8146883249282837},"size":13.24009895324707,"orthographic":false}