{"cameraMode":{"drawMode":0,"name":"Shaded","section":"Shading Mode"},"sceneLighting":true,"audioPlay":false,"sceneViewState":{"showFog":true,"showMaterialUpdate":false,"showSkybox":true,"showFlares":true,"showImageEffects":true,"showParticleSystems":true,"showVisualEffectGraphs":true,"m_FxEnabled":true},"in2DMode":false,"pivot":{"x":-0.8808557987213135,"y":3.9718942642211916,"z":-2.679213047027588},"rotation":{"x":0.36635175347328188,"y":0.09239331632852555,"z":-0.03650754317641258,"w":0.9252597093582153},"size":0.16169697046279908,"orthographic":false}