{"cameraMode":{"drawMode":0,"name":"Shaded","section":"Shading Mode"},"sceneLighting":true,"audioPlay":false,"sceneViewState":{"showFog":true,"showMaterialUpdate":false,"showSkybox":true,"showFlares":true,"showImageEffects":true,"showParticleSystems":true,"showVisualEffectGraphs":true,"m_FxEnabled":true},"in2DMode":false,"pivot":{"x":0.14996635913848878,"y":0.9786754846572876,"z":-0.38836532831192019},"rotation":{"x":0.24662403762340547,"y":0.3155680298805237,"z":-0.08528844267129898,"w":0.9123624563217163},"size":2.2383029460906984,"orthographic":false}