{"cameraMode":{"drawMode":0,"name":"Shaded","section":"Shading Mode"},"sceneLighting":true,"audioPlay":false,"sceneViewState":{"showFog":true,"showMaterialUpdate":false,"showSkybox":true,"showFlares":true,"showImageEffects":true,"showParticleSystems":true,"showVisualEffectGraphs":true,"m_FxEnabled":true},"in2DMode":false,"pivot":{"x":0.20756614208221436,"y":1.45059072971344,"z":2.289910316467285},"rotation":{"x":0.20710690319538117,"y":0.14546243846416474,"z":-0.031160879880189897,"w":0.9669480323791504},"size":2.3661489486694338,"orthographic":false}