{"cameraMode":{"drawMode":0,"name":"Shaded","section":"Shading Mode"},"sceneLighting":true,"audioPlay":false,"sceneViewState":{"showFog":true,"showMaterialUpdate":false,"showSkybox":true,"showFlares":true,"showImageEffects":true,"showParticleSystems":true,"showVisualEffectGraphs":true,"m_FxEnabled":true},"in2DMode":false,"pivot":{"x":917.0317993164063,"y":474.07025146484377,"z":26.406005859375},"rotation":{"x":0.02499648742377758,"y":0.007997256703674794,"z":-0.00020049046725034714,"w":0.9996554851531982},"size":694.3599853515625,"orthographic":true}