{"cameraMode":{"drawMode":0,"name":"Shaded","section":"Shading Mode"},"sceneLighting":true,"audioPlay":false,"sceneViewState":{"showFog":true,"showMaterialUpdate":false,"showSkybox":true,"showFlares":true,"showImageEffects":true,"showParticleSystems":true,"showVisualEffectGraphs":true,"m_FxEnabled":true},"in2DMode":false,"pivot":{"x":0.7479603886604309,"y":-1.1939440965652466,"z":1.1403268575668336},"rotation":{"x":0.4477144777774811,"y":0.21729369461536408,"z":-0.11314162611961365,"w":0.8599880337715149},"size":2.2383029460906984,"orthographic":false}