{"cameraMode":{"drawMode":0,"name":"Shaded","section":"Shading Mode"},"sceneLighting":true,"audioPlay":false,"sceneViewState":{"showFog":true,"showMaterialUpdate":false,"showSkybox":true,"showFlares":true,"showImageEffects":true,"showParticleSystems":true,"showVisualEffectGraphs":true,"m_FxEnabled":true},"in2DMode":false,"pivot":{"x":-1.6730101108551026,"y":3.901155948638916,"z":-2.4717228412628176},"rotation":{"x":0.3518613874912262,"y":0.04557119682431221,"z":-0.017154613509774209,"w":0.9347999691963196},"size":0.9771909713745117,"orthographic":false}