{"cameraMode":{"drawMode":0,"name":"Shaded","section":"Shading Mode"},"sceneLighting":true,"audioPlay":false,"sceneViewState":{"showFog":true,"showMaterialUpdate":false,"showSkybox":true,"showFlares":true,"showImageEffects":true,"showParticleSystems":true,"showVisualEffectGraphs":true,"m_FxEnabled":true},"in2DMode":false,"pivot":{"x":0.5720522403717041,"y":1.866679310798645,"z":-1.9561923742294312},"rotation":{"x":0.11198630183935166,"y":-0.0699998214840889,"z":0.00789107009768486,"w":0.9912333488464356},"size":0.9332174062728882,"orthographic":false}